{
    "a": 0.14805825242718446,
    "b": 0.0048543689320388345,
    "c": 0.02912621359223301,
    "d": 0.02669902912621359,
    "e": 0.06796116504854369,
    "f": 0.0048543689320388345,
    "g": 0.019417475728155338,
    "h": 0.03640776699029126,
    "i": 0.10679611650485436,
    "j": 0.0024271844660194173,
    "k": 0.024271844660194174,
    "l": 0.03640776699029126,
    "m": 0.03398058252427184,
    "n": 0.10436893203883495,
    "o": 0.08737864077669903,
    "p": 0.009708737864077669,
    "r": 0.05339805825242718,
    "s": 0.07766990291262135,
    "t": 0.04611650485436893,
    "u": 0.019417475728155338,
    "v": 0.012135922330097087,
    "w": 0.02669902912621359,
    "x": 0.0048543689320388345,
    "y": 0.014563106796116505,
    "z": 0.0024271844660194173
}