{
  "p": 0.008037851242123691,
  "m": 0.02514616046938842,
  "w": 0.0253028687161975,
  "e": 0.05969661645877569,
  "y": 0.02491464088887734,
  "f": 0.0283091353983146,
  "k": 0.01806574681180734,
  "g": 0.020270743711003077,
  "u": 0.016329729799167577,
  "r": 0.07722718255654662,
  "s": 0.0603425689691664,
  "i": 0.09691954145673111,
  "c": 0.04361569631459741,
  "o": 0.09233898065414105,
  "j": 0.004305482081545591,
  "t": 0.041078480898589405,
  "a": 0.1108006730915727,
  "h": 0.030978635666378426,
  "n": 0.09932643959342977,
  "z": 0.003314746862484512,
  "b": 0.003237935510784677,
  "d": 0.022698448060426,
  "x": 0.014490525299443193,
  "v": 0.012595941854095525,
  "l": 0.06065522763441228
}
